Gender, Privacy
Male,Concerned
Female,Concerned
Male,Concerned
Female,Concerned
Female,Concerned
Female,Concerned
Male,Concerned
Female,Neutral
Male,Neutral
Female,Not very concerned
Male,Concerned
Male,Concerned
Male,Not very concerned
Male,Concerned
Male,Neutral
Female,Neutral
Male,Not very concerned
Female,Not very concerned
Female,Concerned
Male,Concerned
Male,Neutral
Female,Concerned
Female,Not very concerned
Male,Not very concerned
Female,Concerned
Male,Not very concerned
Male,Concerned
Female,Not very concerned
Female,Concerned
Male,Concerned
Female,Concerned
Male,Concerned
Female,Concerned
Female,Concerned
Male,Neutral
Female,Neutral
Male,Concerned
Female,Neutral
Male,Concerned
Female,Concerned
Female,Concerned
Female,Concerned
Male,Concerned
Female,Concerned
Male,Concerned
Female,Concerned
Female,Concerned
Male,Concerned
Female,Concerned
Male,Concerned
Male,Concerned
Male,Concerned
Female,Concerned
Male,Concerned
Male,Concerned
Female,Concerned
Female,Concerned
Male,Concerned
Female,Neutral
Female,Concerned
Female,Concerned
Female,Neutral
Male,Concerned
Female,Concerned
Female,Concerned
Female,Concerned
Female,Concerned
Female,Concerned
Female,Concerned
Female,Concerned
Female,Concerned
Female,Concerned
Female,Concerned
Female,Concerned
Female,Concerned
Female,Concerned
Female,Concerned
Female,Concerned
Male,Concerned
Female,Concerned
Male,Concerned
Female,Concerned
Male,Concerned
Male,Concerned
Female,Concerned
Female,Concerned
Female,Concerned
Male,Not very concerned
Female,Concerned
Male,Concerned
Female,Concerned
Female,Concerned
Male,Concerned
Female,Concerned
Female,Concerned
Male,Concerned
Male,Not very concerned
Female,Concerned
Male,Concerned
,Concerned
